{
  "train_loss": [
    1.2544142342685314,
    0.697173535823822,
    0.5521237815029165,
    0.44824926262156345,
    0.3791806788256999,
    0.33029528347293985,
    0.2886248416780086,
    0.2377646266576949,
    0.20600126070504107,
    0.20115912586366863,
    0.1472126167016418,
    0.1436139334181554,
    0.12953861713346637,
    0.11604128116637133,
    0.10286625118382024
  ],
  "train_acc": [
    0.5314739925807781,
    0.7245374854361073,
    0.7793854126769505,
    0.8152363424220782,
    0.8380048914571826,
    0.8607250097092618,
    0.8726995349600074,
    0.8993667668840858,
    0.9195382119564528,
    0.9142531963546624,
    0.9430816545245353,
    0.9429060927267825,
    0.9446617107043106,
    0.9508426966292135,
    0.9574777219402656
  ],
  "val_loss": [
    0.738661316724924,
    0.5613046399293802,
    0.49627258571294636,
    0.4845567211890832,
    0.45472311190305614,
    0.4663507789373398,
    0.4567266610952524,
    0.48304522381379056,
    0.49906998586196166,
    0.5110542598443154,
    0.5200940540585762,
    0.529144925184739,
    0.5318647069044602,
    0.5450202597257419,
    0.541240529372142
  ],
  "val_acc": [
    0.7171474358974359,
    0.7724358974358975,
    0.7948717948717948,
    0.8060897435897436,
    0.8060897435897436,
    0.8100961538461539,
    0.8365384615384616,
    0.8269230769230769,
    0.8141025641025641,
    0.8333333333333334,
    0.8405448717948718,
    0.8301282051282052,
    0.8349358974358975,
    0.8301282051282052,
    0.8373397435897436
  ]
}