{
  "train_loss": [
    1.110572907278377,
    0.5937808462826724,
    0.46021567917104517,
    0.3687038475521997,
    0.29283077040624417,
    0.23536838835963372,
    0.20138655556889062,
    0.1728199126272138,
    0.1561395631660969,
    0.11938108188516115,
    0.10862367414199653,
    0.10796192115868619,
    0.08244430085413912,
    0.08752885891099753,
    0.06645487331565511
  ],
  "train_acc": [
    0.5915217156825441,
    0.7685420268707062,
    0.8122974287592963,
    0.8491113872340555,
    0.8725421348314607,
    0.8971207865168539,
    0.9124891962228197,
    0.9294241573033708,
    0.9345154494382022,
    0.9480337078651685,
    0.954002808988764,
    0.9555828651685393,
    0.9680072387282768,
    0.9671699438202247,
    0.9730985308631083
  ],
  "val_loss": [
    0.5792767103616293,
    0.4450996673919938,
    0.39272962234817543,
    0.39640738752174687,
    0.41628063208871074,
    0.3996777357896427,
    0.4139341461145646,
    0.423866738674122,
    0.45776532142870613,
    0.4692426790761483,
    0.48927151868966495,
    0.48697770987455913,
    0.5230636033048104,
    0.5367161582357117,
    0.5361784446210444
  ],
  "val_acc": [
    0.7621753246753247,
    0.8165584415584416,
    0.8376623376623377,
    0.8392857142857143,
    0.8271103896103896,
    0.8474025974025974,
    0.8441558441558441,
    0.8465909090909091,
    0.8522727272727273,
    0.8457792207792207,
    0.8563311688311688,
    0.8482142857142857,
    0.849025974025974,
    0.8400974025974026,
    0.8482142857142857
  ]
}