{
  "train_loss": [
    1.7683546817704532,
    1.7201575616772256,
    1.7122114508339528,
    1.6977181019407979,
    1.6722584065426602,
    1.669859992654136,
    1.6579164340254966,
    1.6481301637178056,
    1.6313554195875533,
    1.6311190791344374,
    1.6010063263807404,
    1.575569371159157,
    1.556905789321728,
    1.5643830567263486,
    1.5287575232848694,
    1.5200698362307603,
    1.4974347299404358,
    1.4354154842623164,
    1.4131037016932884,
    1.4033373848775799
  ],
  "train_acc": [
    0.268561119695058,
    0.30104610625277745,
    0.30265643154637195,
    0.29860034869628005,
    0.3127179386910428,
    0.3089948179346792,
    0.31635025177109105,
    0.33150305105059336,
    0.33034676480829045,
    0.33589209599441355,
    0.3546953700231702,
    0.3608945176172792,
    0.37906213673982725,
    0.3660160790333587,
    0.3819437716784102,
    0.38736802590697,
    0.3973387252078967,
    0.41625096858217475,
    0.42743243896559385,
    0.434630472673459
  ],
  "val_loss": [
    1.663173000017802,
    1.6909140256734996,
    1.6143232094935882,
    1.6008458259778144,
    1.5854221612979205,
    1.5671375500850189,
    1.5653975300299816,
    1.5699968689527266,
    1.5450801054636638,
    1.5437242281742585,
    1.4834119631693914,
    1.5492818294427333,
    1.4735418252455883,
    1.4720814747688098,
    1.4189408146418059,
    1.4359559294504998,
    1.4824791902150862,
    1.3370435390716944,
    1.3989911935268304,
    1.412410957690997
  ],
  "val_acc": [
    0.2844551282051282,
    0.33573717948717946,
    0.3125,
    0.31650641025641024,
    0.3373397435897436,
    0.37419871794871795,
    0.3629807692307692,
    0.3373397435897436,
    0.3798076923076923,
    0.3581730769230769,
    0.40705128205128205,
    0.37419871794871795,
    0.38621794871794873,
    0.4479166666666667,
    0.422275641025641,
    0.42467948717948717,
    0.42788461538461536,
    0.4807692307692308,
    0.46955128205128205,
    0.452724358974359
  ]
}