{
  "train_loss": [
    1.1755727147788144,
    0.5678346766514725,
    0.38488342169295536,
    0.26732499558436734,
    0.19615588123711308,
    0.1451894532826342,
    0.11292043698721388,
    0.08120826652189822,
    0.06715503194254269,
    0.06695842922513447,
    0.05257590090740849,
    0.04209779300648468,
    0.039384437647773725,
    0.04127247091461224,
    0.04757649084785953
  ],
  "train_acc": [
    0.5764178128054972,
    0.7756986149241415,
    0.8475033902050404,
    0.8914120009775912,
    0.9193444884894939,
    0.9422220068701198,
    0.9536516853932584,
    0.9732964450723669,
    0.9783877372071984,
    0.9745435393258427,
    0.9810393258426966,
    0.985252808988764,
    0.985234647319558,
    0.9857794943820225,
    0.9824438202247191
  ],
  "val_loss": [
    0.6628698569077712,
    0.5088232025886193,
    0.46819190757396895,
    0.4752593271625348,
    0.46947157039092136,
    0.5091344263309088,
    0.5393225010006856,
    0.5662060334132268,
    0.5787866161419795,
    0.5394658964031782,
    0.6112258724677258,
    0.6340961397076265,
    0.6712299965513058,
    0.667564877619346,
    0.636902928352356
  ],
  "val_acc": [
    0.749198717948718,
    0.8020833333333334,
    0.8084935897435898,
    0.8181089743589743,
    0.8261217948717948,
    0.8253205128205128,
    0.8285256410256411,
    0.8245192307692307,
    0.8293269230769231,
    0.8349358974358975,
    0.8309294871794872,
    0.8365384615384616,
    0.8325320512820513,
    0.8157051282051282,
    0.8389423076923077
  ]
}